source_id,project_name,state,district,scheme,price_min,price_max,property_type,project_status,developer_name,address,source_url,retrieved_at,latitude,longitude,total_units,available_units,unit_types,external_project_url,developer_address,raw_location
PPAM_115,PPAM PENGERANG (TAMAN YPJ PUNGGAI PENGERANG),Johor,Kota Tinggi,Perumahan Penjawat Awam Malaysia (PPAM),278800,278800,RUMAH TERES,,YPJ BUILDERS SDN BHD,,https://teduh.kpkt.gov.my/projek?source=Perumahan+Awam,2026-08-20T10:40:07.344569+00:00,1.431225,104.273002,300,30,RUMAH TERES,https://apps.ppam.gov.my/login,"NO 40 JALAN SRI PERKASA 1/3 , TAMAN TAMPOI UTAMA , 81200 JOHOR BAHRU , JOHOR BAHRU , JOHOR","KOTA TINGGI, JOHOR"
PPAM_673,TAMAN SAUJANA,Johor,Kluang,Perumahan Penjawat Awam Malaysia (PPAM),300000,300000,RUMAH TERES,,MARVEL PLUS DEVELOPMENT SDN BHD,,https://teduh.kpkt.gov.my/projek?source=Perumahan+Awam,2026-08-20T10:40:07.344569+00:00,2.01347,103.16405,8,8,RUMAH TERES,https://apps.ppam.gov.my/login,"NO. 48B, 2ND & 3RD FLOOR, JALAN SENTOL , KLUANG PARADE , 86000 KLUANG , KLUANG , JOHOR","KLUANG, JOHOR"
PPAM_681,TAMAN PUTERIMAS FASA 2,Johor,Kluang,Perumahan Penjawat Awam Malaysia (PPAM),240000,240000,RUMAH TERES,,GENE & QUIN REALTY SDN. BHD.,,https://teduh.kpkt.gov.my/projek?source=Perumahan+Awam,2026-08-20T10:40:07.344569+00:00,2.0794754,103.3538961,66,53,RUMAH TERES,https://apps.ppam.gov.my/login,"LOT 1707 , JALAN KIYAI HAJI HASHIM , 75450 BUKIT BARU, MELAKA , MELAKA TENGAH , MELAKA","KLUANG, JOHOR"
PPAM_713,TAMAN KIRANA,Johor,Kluang,Perumahan Penjawat Awam Malaysia (PPAM),262520,262520,RUMAH TERES,,LEBAR KLASSIK SDN BHD,,https://teduh.kpkt.gov.my/projek?source=Perumahan+Awam,2026-08-20T10:40:07.344569+00:00,1.93063,103.19937,218,218,RUMAH TERES,https://apps.ppam.gov.my/login,"1765, 1ST. FLOOR , TAMAN RASAH UTAMA, JALAN RASAH , 70300 SEREMBAN , SEREMBAN , NEGERI SEMBILAN","KLUANG, JOHOR"
PPAM_749,RESIDENSI SEDILI,Johor,Kota Tinggi,Perumahan Penjawat Awam Malaysia (PPAM),225650,441853,RUMAH TERES,,UDA LAND (SOUTH) SDN BHD,,https://teduh.kpkt.gov.my/projek?source=Perumahan+Awam,2026-08-20T10:40:07.344569+00:00,1.924651,104.094334,31,18,RUMAH TERES,https://apps.ppam.gov.my/login,"WISMA SBBU, NO.1 , JALAN PADI MAHSURI 12, BANDAR BARU UDA , 81200 JOHOR BAHRU , JOHOR BAHRU , JOHOR","KOTA TINGGI, JOHOR"
PR1MA_100,RESIDENSI BANDAR LAYANGKASA,Johor,Pasir Gudang,PR1MA Homes,185000,185000,RUMAH TERES,,PR1MA CORPORATION MALAYSIA,,https://teduh.kpkt.gov.my/projek?source=Perumahan+Awam,2026-08-20T10:40:07.344569+00:00,1.521878,103.955863,475,,RUMAH TERES,https://www.pr1ma.my/pr1ma-properties/hms/homes/bm,"7th FLOOR, BLOCK F, NO 2, JALAN PJU 1A/7A, OASIS SQUARE, OASIS DAMANSARA, 47301 PETALING JAYA","PASIR GUDANG, JOHOR"
PR1MA_101,RESIDENSI TEBRAU,Johor,Johor Bahru,PR1MA Homes,169000,169000,APARTMEN,,PR1MA CORPORATION MALAYSIA,,https://teduh.kpkt.gov.my/projek?source=Perumahan+Awam,2026-08-20T10:40:07.344569+00:00,1.506465,103.762678,1284,,APARTMEN,https://www.pr1ma.my/pr1ma-properties/hms/homes/bm,"7th FLOOR, BLOCK F, NO 2, JALAN PJU 1A/7A, OASIS SQUARE, OASIS DAMANSARA, 47301 PETALING JAYA","JOHOR BAHRU, JOHOR"
PR1MA_102,RESIDENSI KOTA TINGGI,Johor,Kota Tinggi,PR1MA Homes,259200,259200,RUMAH TERES,,PR1MA CORPORATION MALAYSIA,,https://teduh.kpkt.gov.my/projek?source=Perumahan+Awam,2026-08-20T10:40:07.344569+00:00,1.735123,103.710124,625,,RUMAH TERES,https://www.pr1ma.my/pr1ma-properties/hms/homes/bm,"7th FLOOR, BLOCK F, NO 2, JALAN PJU 1A/7A, OASIS SQUARE, OASIS DAMANSARA, 47301 PETALING JAYA","KOTA TINGGI, JOHOR"
PR1MA_103,RESIDENSI LARKIN INDAH,Johor,Johor Bahru,PR1MA Homes,288150,288150,APARTMEN,,PR1MA CORPORATION MALAYSIA,,https://teduh.kpkt.gov.my/projek?source=Perumahan+Awam,2026-08-20T10:40:07.344569+00:00,1.497664,103.735553,1174,,APARTMEN,https://www.pr1ma.my/pr1ma-properties/hms/homes/bm,"7th FLOOR, BLOCK F, NO 2, JALAN PJU 1A/7A, OASIS SQUARE, OASIS DAMANSARA, 47301 PETALING JAYA","JOHOR BAHRU, JOHOR"
PR1MA_104,RESIDENSI PELANGI INDAH,Johor,Johor Bahru,PR1MA Homes,280500,280500,APARTMEN,,PR1MA CORPORATION MALAYSIA,,https://teduh.kpkt.gov.my/projek?source=Perumahan+Awam,2026-08-20T10:40:07.344569+00:00,1.578198,103.79947,720,,APARTMEN,https://www.pr1ma.my/pr1ma-properties/hms/homes/bm,"7th FLOOR, BLOCK F, NO 2, JALAN PJU 1A/7A, OASIS SQUARE, OASIS DAMANSARA, 47301 PETALING JAYA","JOHOR BAHRU, JOHOR"
PPAM_728,TAMAN WAWASAN II,Kedah,Kota Setar,Perumahan Penjawat Awam Malaysia (PPAM),209600,275000,RUMAH TERES,,LAM HO SDN BHD,,https://teduh.kpkt.gov.my/projek?source=Perumahan+Awam,2026-08-20T10:40:07.344569+00:00,5.9728,100.398844,32,32,RUMAH TERES,https://apps.ppam.gov.my/login,"PT 1819, KAWASAN PERUSAHAAN MERGONG , JALAN LENCONG BARAT, MERGONG BARRAGE II , 05150 BANDAR ALOR SETAR , KOTA SETAR , KEDAH","KOTA SETAR, KEDAH"
PPAM_736,LUMINA BEDONG,Kedah,Kuala Muda,Perumahan Penjawat Awam Malaysia (PPAM),208000,208000,RUMAH TERES,,SELETAR SDN BHD,,https://teduh.kpkt.gov.my/projek?source=Perumahan+Awam,2026-08-20T10:40:07.344569+00:00,5.7426887188591,100.51282504364,27,27,RUMAH TERES,https://apps.ppam.gov.my/login,"21 & 22A, JALAN PRESINCT MENTARI 1 , PRESINCT MENTARI , 08100 BEDONG , KUALA MUDA , KEDAH","KUALA MUDA, KEDAH"
PPAM_753,TAMAN BAYAN VISTA,Kedah,Kubang Pasu,Perumahan Penjawat Awam Malaysia (PPAM),208000,225000,RUMAH TERES,,DEHIAS BINA SDN BHD,,https://teduh.kpkt.gov.my/projek?source=Perumahan+Awam,2026-08-20T10:40:07.344569+00:00,6.482256046664,100.42767234337,29,29,RUMAH TERES,https://apps.ppam.gov.my/login,"LOT 1521, PANTAI HALBAN , JALAN KEPALA BATAS - JITRA , 06000 JITRA , KUBANG PASU , KEDAH","KUBANG PASU, KEDAH"
PR1MA_106,RESIDENSI DESA AMAN,Kedah,Kulim,PR1MA Homes,145000,145000,RUMAH TERES,,PR1MA CORPORATION MALAYSIA,,https://teduh.kpkt.gov.my/projek?source=Perumahan+Awam,2026-08-20T10:40:07.344569+00:00,5.501509,100.628699,244,,RUMAH TERES,https://www.pr1ma.my/pr1ma-properties/hms/homes/bm,"7th FLOOR, BLOCK F, NO 2, JALAN PJU 1A/7A, OASIS SQUARE, OASIS DAMANSARA, 47301 PETALING JAYA","KULIM, KEDAH"
PR1MA_107,RESIDENSI SIMPANG EMPAT 2,Kedah,Kota Setar,PR1MA Homes,188000,188000,RUMAH TERES,,PR1MA CORPORATION MALAYSIA,,https://teduh.kpkt.gov.my/projek?source=Perumahan+Awam,2026-08-20T10:40:07.344569+00:00,6.042341,100.381105,432,,RUMAH TERES,https://www.pr1ma.my/pr1ma-properties/hms/homes/bm,"7th FLOOR, BLOCK F, NO 2, JALAN PJU 1A/7A, OASIS SQUARE, OASIS DAMANSARA, 47301 PETALING JAYA","KOTA SETAR, KEDAH"
PR1MA_108,RESIDENSI JUNJONG,Kedah,Kulim,PR1MA Homes,187888,187888,RUMAH TERES,,PR1MA CORPORATION MALAYSIA,,https://teduh.kpkt.gov.my/projek?source=Perumahan+Awam,2026-08-20T10:40:07.344569+00:00,5.280048,100.543,580,,RUMAH TERES,https://www.pr1ma.my/pr1ma-properties/hms/homes/bm,"7th FLOOR, BLOCK F, NO 2, JALAN PJU 1A/7A, OASIS SQUARE, OASIS DAMANSARA, 47301 PETALING JAYA","KULIM, KEDAH"
PR1MA_109,RESIDENSI UTAMA,Kedah,Sungai Petani,PR1MA Homes,118888,118888,RUMAH TERES,,PR1MA CORPORATION MALAYSIA,,https://teduh.kpkt.gov.my/projek?source=Perumahan+Awam,2026-08-20T10:40:07.344569+00:00,5.596603,100.564829,1349,,RUMAH TERES,https://www.pr1ma.my/pr1ma-properties/hms/homes/bm,"7th FLOOR, BLOCK F, NO 2, JALAN PJU 1A/7A, OASIS SQUARE, OASIS DAMANSARA, 47301 PETALING JAYA","SUNGAI PETANI, KEDAH"
PR1MA_110,RESIDENSI SERI MAHKOTA,Kedah,Kulim,PR1MA Homes,183000,183000,RUMAH TERES,,PR1MA CORPORATION MALAYSIA,,https://teduh.kpkt.gov.my/projek?source=Perumahan+Awam,2026-08-20T10:40:07.344569+00:00,5.353264,100.590158,499,,RUMAH TERES,https://www.pr1ma.my/pr1ma-properties/hms/homes/bm,"7th FLOOR, BLOCK F, NO 2, JALAN PJU 1A/7A, OASIS SQUARE, OASIS DAMANSARA, 47301 PETALING JAYA","KULIM, KEDAH"
PR1MA_111,RESIDENSI BANDAR PUTERI JAYA 1,Kedah,Sungai Petani,PR1MA Homes,165000,165000,RUMAH TERES,,PR1MA CORPORATION MALAYSIA,,https://teduh.kpkt.gov.my/projek?source=Perumahan+Awam,2026-08-20T10:40:07.344569+00:00,5.601302,100.563311,1424,,RUMAH TERES,https://www.pr1ma.my/pr1ma-properties/hms/homes/bm,"7th FLOOR, BLOCK F, NO 2, JALAN PJU 1A/7A, OASIS SQUARE, OASIS DAMANSARA, 47301 PETALING JAYA","SUNGAI PETANI, KEDAH"
SPNB_4,"Taman Universiti Jaya, Semeling",Kedah,,Syarikat Perumahan Negara Berhad (SPNB),178000,184020,Rumah Teres Satu Tingkat,,Syarikat Perumahan Negara Berhad (SPNB),,https://teduh.kpkt.gov.my/projek?source=Perumahan+Awam,2026-08-20T10:40:07.344569+00:00,5.8153161,100.4712304,68,,Rumah Teres Satu Tingkat,http://spnb.com.my,"Level 1, Block C, Dataran PHB, Saujana Resort, Seksyen U2, Shah Alam, Selangor Darul Ehsan",KEDAH
PPAM_635,"RESIDENSI INTAN @ DESA GREEN, KUALA KRAI",Kelantan,Kuala Krai,Perumahan Penjawat Awam Malaysia (PPAM),198800,298800,RUMAH TERES; RUMAH BERKEMBAR,,FAJARBARU REAL DEVELOPMENT SDN BHD,,https://teduh.kpkt.gov.my/projek?source=Perumahan+Awam,2026-08-20T10:40:07.344569+00:00,5.5863048460346,102.18756435966,108,26,RUMAH TERES; RUMAH BERKEMBAR,https://apps.ppam.gov.my/login,"NO. 61 & 63 , JALAN SS6/12 , 47301 PETALING JAYA , PETALING , SELANGOR","KUALA KRAI, KELANTAN"
PPAM_636,PPAM RESIDENSI 117 @ WAKAF SIKU,Kelantan,Kota Bharu,Perumahan Penjawat Awam Malaysia (PPAM),275000,300000,APARTMEN,,KOTA IMPIANA PROPERTIES SDN. BHD.,,https://teduh.kpkt.gov.my/projek?source=Perumahan+Awam,2026-08-20T10:40:07.344569+00:00,6.115454,102.243406,100,96,APARTMEN,https://apps.ppam.gov.my/login,"PT 1540, TINGKAT 1 , WISMA YUSMAH , 15200 KOTA BHARU , KOTA BHARU , KELANTAN","KOTA BHARU, KELANTAN"
PPAM_667,DE ZAHRA,Kelantan,Tanah Merah,Perumahan Penjawat Awam Malaysia (PPAM),234500,240000,RUMAH TERES,,KASA MEWAH DEVELOPMENT SDN BHD,,https://teduh.kpkt.gov.my/projek?source=Perumahan+Awam,2026-08-20T10:40:07.344569+00:00,5.8357652,102.1601868,15,13,RUMAH TERES,https://apps.ppam.gov.my/login,"PT 349,TINGKAT 2,WISMA GEMILANG , JALAN SULTAN YAHYA PETRA , 15150 KOTA BHARU , KOTA BHARU , KELANTAN","TANAH MERAH, KELANTAN"
PPAM_669,TAMAN WARISAN SETIA,Kelantan,Kuala Krai,Perumahan Penjawat Awam Malaysia (PPAM),191000,224000,RUMAH TERES,,DIG-CAST CONSTRUCTION SDN. BHD,,https://teduh.kpkt.gov.my/projek?source=Perumahan+Awam,2026-08-20T10:40:07.344569+00:00,5.605895,102.187602,35,35,RUMAH TERES,https://apps.ppam.gov.my/login,"A59, 2ND FLOOR, JALAN IM 3/11 , PERSIMPANGAN JALAN PINTAS KUANTAN-KEMAMAN BANDAR INDERA MAHKOTA , 25150 KUANTAN , KUANTAN , PAHANG","KUALA KRAI, KELANTAN"
PPAM_680,KOTA SERIBONG @ BANDAR BARU TUNJONG FASA 4 (4B),Kelantan,Kota Bharu,Perumahan Penjawat Awam Malaysia (PPAM),250000,250000,RUMAH TERES,,SENSATIMUR SDN BHD,,https://teduh.kpkt.gov.my/projek?source=Perumahan+Awam,2026-08-20T10:40:07.344569+00:00,6.07728,102.24864,85,85,RUMAH TERES,https://apps.ppam.gov.my/login,"PT 1222 , JALAN PERSIARAN 3 , 16010 KOTA BHARU , KOTA BHARU , KELANTAN","KOTA BHARU, KELANTAN"
PPAM_696,TAMAN INDAH KUALA KRAI,Kelantan,Kuala Krai,Perumahan Penjawat Awam Malaysia (PPAM),298000,313000,RUMAH TERES,,RICHMAX CONSTRUCTION SDN BHD,,https://teduh.kpkt.gov.my/projek?source=Perumahan+Awam,2026-08-20T10:40:07.344569+00:00,5.537755608404,102.20594327575,15,15,RUMAH TERES,https://apps.ppam.gov.my/login,"PT 3095 JALAN PERMAI 02 , TAMAN DESA PERMAI , 18000 KUALA KRAI , KUALA KRAI , KELANTAN","KUALA KRAI, KELANTAN"
PPAM_742,TAMAN KIFAYAH BINARAYA,Kelantan,Jeli,Perumahan Penjawat Awam Malaysia (PPAM),250000,260000,RUMAH TERES,,BINARAYA PKINK SDN BHD,,https://teduh.kpkt.gov.my/projek?source=Perumahan+Awam,2026-08-20T10:40:07.344569+00:00,5.691655,101.846467,11,11,RUMAH TERES,https://apps.ppam.gov.my/login,"ARAS 1 & 2, LK 6, D' PERDANA SRI CEMERLANG , JALAN SRI CEMERLANG, SEKSYEN 27 , 15300 KOTA BHARU , KOTA BHARU , KELANTAN","JELI, KELANTAN"
PR1MA_112,RESIDENSI TOK BALI,Kelantan,Pasir Puteh,PR1MA Homes,158000,158000,RUMAH TERES,,PR1MA CORPORATION MALAYSIA,,https://teduh.kpkt.gov.my/projek?source=Perumahan+Awam,2026-08-20T10:40:07.344569+00:00,5.879874,102.450855,193,,RUMAH TERES,https://www.pr1ma.my/pr1ma-properties/hms/homes/bm,"7th FLOOR, BLOCK F, NO 2, JALAN PJU 1A/7A, OASIS SQUARE, OASIS DAMANSARA, 47301 PETALING JAYA","PASIR PUTEH, KELANTAN"
PR1MA_113,RESIDENSI LUBOK JONG,Kelantan,Pasir Mas,PR1MA Homes,167000,167000,RUMAH TERES,,PR1MA CORPORATION MALAYSIA,,https://teduh.kpkt.gov.my/projek?source=Perumahan+Awam,2026-08-20T10:40:07.344569+00:00,6.007441,102.081635,965,,RUMAH TERES,https://www.pr1ma.my/pr1ma-properties/hms/homes/bm,"7th FLOOR, BLOCK F, NO 2, JALAN PJU 1A/7A, OASIS SQUARE, OASIS DAMANSARA, 47301 PETALING JAYA","PASIR MAS, KELANTAN"
SPNB_12,"Taman Merbau Utama, Pasir Puteh",Kelantan,,Syarikat Perumahan Negara Berhad (SPNB),200000,200000,Kedai Pejabat 1 Setengah Tingkat,,Syarikat Perumahan Negara Berhad (SPNB),,https://teduh.kpkt.gov.my/projek?source=Perumahan+Awam,2026-08-20T10:40:07.344569+00:00,5.92266,102.27868,0,,Kedai Pejabat 1 Setengah Tingkat,http://spnb.com.my,"Level 1, Block C, Dataran PHB, Saujana Resort, Seksyen U2, Shah Alam, Selangor Darul Ehsan",KELANTAN
PPAM_603,SCIENTEX BANDAR JASIN,Melaka,Jasin,Perumahan Penjawat Awam Malaysia (PPAM),218240,232800,RUMAH TERES,,SCIENTEX HEIGHTS SDN. BHD.,,https://teduh.kpkt.gov.my/projek?source=Perumahan+Awam,2026-08-20T10:40:07.344569+00:00,2.214223,102.404305,20,2,RUMAH TERES,https://apps.ppam.gov.my/login,"PEJABAT JUALAN SCIENTEX HEIGHTS SDN BHD , JC 8165, PT7209, PERSIMPANGAN JALAN BARU SERKAM , 77300 MERLIMAU , JASIN , MELAKA","JASIN, MELAKA"
PPAM_604,SCIENTEX BANDAR JASIN,Melaka,Jasin,Perumahan Penjawat Awam Malaysia (PPAM),185440,203440,RUMAH TERES,,SCIENTEX HEIGHTS SDN. BHD.,,https://teduh.kpkt.gov.my/projek?source=Perumahan+Awam,2026-08-20T10:40:07.344569+00:00,2.213769,102.406762,30,1,RUMAH TERES,https://apps.ppam.gov.my/login,"PEJABAT JUALAN SCIENTEX HEIGHTS SDN BHD , JC 8165, PT7209, PERSIMPANGAN JALAN BARU SERKAM , 77300 MERLIMAU , JASIN , MELAKA","JASIN, MELAKA"
PPAM_630,BANDAR JASIN BESTARI SEKSYEN 5,Melaka,Jasin,Perumahan Penjawat Awam Malaysia (PPAM),237000,237000,RUMAH TERES,,HOMEWISE CONSTRUCTION (MELAKA) SDN BHD,,https://teduh.kpkt.gov.my/projek?source=Perumahan+Awam,2026-08-20T10:40:07.344569+00:00,2.28358,102.38861,38,8,RUMAH TERES,https://apps.ppam.gov.my/login,"NO JC 1115, JALAN BESTARI 1 , BANDAR JASIN BESTARI SEKSYEN 2 , 77200 JASIN , JASIN , MELAKA","JASIN, MELAKA"
PPAM_661,"TAMAN REMBIA INDAH (FASA A, B & C)",Melaka,Alor Gajah,Perumahan Penjawat Awam Malaysia (PPAM),200000,342200,RUMAH TERES,,SWISS RELIANCE SDN BHD,,https://teduh.kpkt.gov.my/projek?source=Perumahan+Awam,2026-08-20T10:40:07.344569+00:00,2.346139,102.226937,40,19,RUMAH TERES,https://apps.ppam.gov.my/login,"NO.1B, WISMA PB REALTY , JALAN PK 8, TAMAN PERINDUSTRIAN KRUBONG , 75260 KRUBONG , MELAKA TENGAH , MELAKA","ALOR GAJAH, MELAKA"
PPAM_748,TAMAN REMBIA DAMAI,Melaka,Alor Gajah,Perumahan Penjawat Awam Malaysia (PPAM),233000,265000,RUMAH TERES,,ITG PROJECTS SDN. BHD.,,https://teduh.kpkt.gov.my/projek?source=Perumahan+Awam,2026-08-20T10:40:07.344569+00:00,2.33,102.2184,19,19,RUMAH TERES,https://apps.ppam.gov.my/login,"NO 6-2 , JALAN DATARAN JADE 2, JADE HILLS , 43000 KAJANG , ULU LANGAT , SELANGOR","ALOR GAJAH, MELAKA"
PR1MA_117,RESIDENSI RUMPUN BAHAGIA,Melaka,Melaka Tengah,PR1MA Homes,226000,226000,APARTMEN,,PR1MA CORPORATION MALAYSIA,,https://teduh.kpkt.gov.my/projek?source=Perumahan+Awam,2026-08-20T10:40:07.344569+00:00,2.224103,102.244075,600,,APARTMEN,https://www.pr1ma.my/pr1ma-properties/hms/homes/bm,"7th FLOOR, BLOCK F, NO 2, JALAN PJU 1A/7A, OASIS SQUARE, OASIS DAMANSARA, 47301 PETALING JAYA","MELAKA TENGAH, MELAKA"
PR1MA_119,RESIDENSI PULAU SEBANG,Melaka,Alor Gajah,PR1MA Homes,182000,182000,RUMAH TERES,,PR1MA CORPORATION MALAYSIA,,https://teduh.kpkt.gov.my/projek?source=Perumahan+Awam,2026-08-20T10:40:07.344569+00:00,2.45065,102.209475,972,,RUMAH TERES,https://www.pr1ma.my/pr1ma-properties/hms/homes/bm,"7th FLOOR, BLOCK F, NO 2, JALAN PJU 1A/7A, OASIS SQUARE, OASIS DAMANSARA, 47301 PETALING JAYA","ALOR GAJAH, MELAKA"
PR1MA_120,RESIDENSI MELAKA TENGAH 2,Melaka,Melaka Tengah,PR1MA Homes,190000,190000,APARTMEN,,PR1MA CORPORATION MALAYSIA,,https://teduh.kpkt.gov.my/projek?source=Perumahan+Awam,2026-08-20T10:40:07.344569+00:00,2.226373,102.21353,980,,APARTMEN,https://www.pr1ma.my/pr1ma-properties/hms/homes/bm,"7th FLOOR, BLOCK F, NO 2, JALAN PJU 1A/7A, OASIS SQUARE, OASIS DAMANSARA, 47301 PETALING JAYA","MELAKA TENGAH, MELAKA"
PR1MA_121,RESIDENSI KLEBANG 2,Melaka,Klebang,PR1MA Homes,243000,243000,APARTMEN,,PR1MA CORPORATION MALAYSIA,,https://teduh.kpkt.gov.my/projek?source=Perumahan+Awam,2026-08-20T10:40:07.344569+00:00,2.2061388,102.209333,800,,APARTMEN,https://www.pr1ma.my/pr1ma-properties/hms/homes/bm,"7th FLOOR, BLOCK F, NO 2, JALAN PJU 1A/7A, OASIS SQUARE, OASIS DAMANSARA, 47301 PETALING JAYA","KLEBANG, MELAKA"
SPNB_7,"Taman Kelubi Idaman, Jasin",Melaka,,Syarikat Perumahan Negara Berhad (SPNB),128000,276000,Rumah Bandar; Rumah Teres 2 Tingkat (Jenis A); Rumah Teres 2 Tingkat (Jenis B); Rumah Berkembar 2 Tingkat,,Syarikat Perumahan Negara Berhad (SPNB),,https://teduh.kpkt.gov.my/projek?source=Perumahan+Awam,2026-08-20T10:40:07.344569+00:00,2.322709,102.410615,0,,Rumah Bandar; Rumah Teres 2 Tingkat (Jenis A); Rumah Teres 2 Tingkat (Jenis B); Rumah Berkembar 2 Tingkat,http://spnb.com.my,"Level 1, Block C, Dataran PHB, Saujana Resort, Seksyen U2, Shah Alam, Selangor Darul Ehsan",MELAKA
PPAM_688,"TAMAN IMPIAN JAYA, GEMENCHEH",Negeri Sembilan,Tampin,Perumahan Penjawat Awam Malaysia (PPAM),230000,230000,RUMAH TERES,,SUMMER HARVEST SDN. BHD.,,https://teduh.kpkt.gov.my/projek?source=Perumahan+Awam,2026-08-20T10:40:07.344569+00:00,2.527028,102.389917,20,20,RUMAH TERES,https://apps.ppam.gov.my/login,"161 & 162 , JALAN HARUAN 5/5, OAKLAND COMMERCE SQUARE , 70300 SEREMBAN , SEREMBAN , NEGERI SEMBILAN","TAMPIN, NEGERI SEMBILAN"
PPAM_700,TINTA RESIDENSI (BLOK C),Negeri Sembilan,Seremban,Perumahan Penjawat Awam Malaysia (PPAM),281500,281500,APARTMEN,,DYNAMIC AGE CONSTRUCTION SDN BHD,,https://teduh.kpkt.gov.my/projek?source=Perumahan+Awam,2026-08-20T10:40:07.344569+00:00,2.7083478,101.8253345,32,18,APARTMEN,https://apps.ppam.gov.my/login,"PT-9889, JALAN BBN 1/3J , PUTRA POINT, PUTRA NILAI , 71800 NILAI , SEREMBAN , NEGERI SEMBILAN","SEREMBAN, NEGERI SEMBILAN"
PPAM_704,TINTA RESIDENSI (BLOK A & B),Negeri Sembilan,Seremban,Perumahan Penjawat Awam Malaysia (PPAM),240000,293000,APARTMEN,,DYNAMIC AGE CONSTRUCTION SDN BHD,,https://teduh.kpkt.gov.my/projek?source=Perumahan+Awam,2026-08-20T10:40:07.344569+00:00,2.7083478,101.8253345,47,26,APARTMEN,https://apps.ppam.gov.my/login,"PT-9889, JALAN BBN 1/3J , PUTRA POINT, PUTRA NILAI , 71800 NILAI , SEREMBAN , NEGERI SEMBILAN","SEREMBAN, NEGERI SEMBILAN"
PPAM_719,TAMAN GALAKSI,Negeri Sembilan,Jempol,Perumahan Penjawat Awam Malaysia (PPAM),189440,290800,RUMAH TERES,,BENAR SEJAGAT SDN. BHD.,,https://teduh.kpkt.gov.my/projek?source=Perumahan+Awam,2026-08-20T10:40:07.344569+00:00,2.819023,102.324418,52,25,RUMAH TERES,https://apps.ppam.gov.my/login,"NO. 28-1 , JALAN BPM 4, TAMAN BUKIT PIATU MUTIARA , 75150 MELAKA , MELAKA TENGAH , MELAKA","JEMPOL, NEGERI SEMBILAN"
PPAM_729,TAMAN IXORA,Negeri Sembilan,Rembau,Perumahan Penjawat Awam Malaysia (PPAM),289000,289000,RUMAH TERES,,CAHAYA SERAYA SDN BHD,,https://teduh.kpkt.gov.my/projek?source=Perumahan+Awam,2026-08-20T10:40:07.344569+00:00,2.52595,102.03375,48,44,RUMAH TERES,https://apps.ppam.gov.my/login,"C-08-08, SUNWAY BUSINESS SUITES , JALAN PJU 5/1 KOTA DAMANSARA , 47810 PETALING JAYA , PETALING , SELANGOR","REMBAU, NEGERI SEMBILAN"
PR1MA_122,RESIDENSI PORT DICKSON,Negeri Sembilan,Port Dickson,PR1MA Homes,259200,259200,RUMAH TERES,,PR1MA CORPORATION MALAYSIA,,https://teduh.kpkt.gov.my/projek?source=Perumahan+Awam,2026-08-20T10:40:07.344569+00:00,2.563728,101.803826,659,,RUMAH TERES,https://www.pr1ma.my/pr1ma-properties/hms/homes/bm,"7th FLOOR, BLOCK F, NO 2, JALAN PJU 1A/7A, OASIS SQUARE, OASIS DAMANSARA, 47301 PETALING JAYA","PORT DICKSON, NEGERI SEMBILAN"
PR1MA_123,RESIDENSI SEREMBAN SENTRAL,Negeri Sembilan,Seremban,PR1MA Homes,268000,268000,APARTMEN,,PR1MA CORPORATION MALAYSIA,,https://teduh.kpkt.gov.my/projek?source=Perumahan+Awam,2026-08-20T10:40:07.344569+00:00,2.715344,101.941046,1504,,APARTMEN,https://www.pr1ma.my/pr1ma-properties/hms/homes/bm,"7th FLOOR, BLOCK F, NO 2, JALAN PJU 1A/7A, OASIS SQUARE, OASIS DAMANSARA, 47301 PETALING JAYA","SEREMBAN, NEGERI SEMBILAN"
SPNB_2,"Residensi Lanar, Mantau",Negeri Sembilan,,Syarikat Perumahan Negara Berhad (SPNB),250000,284000,Pangsapuri Jenis A; Pangsapuri Jenis B; Jenis B; Jenis B1,,Syarikat Perumahan Negara Berhad (SPNB),,https://teduh.kpkt.gov.my/projek?source=Perumahan+Awam,2026-08-20T10:40:07.344569+00:00,2.705278,101.875979,200,,Pangsapuri Jenis A; Pangsapuri Jenis B; Jenis B; Jenis B1,http://spnb.com.my,"Level 1, Block C, Dataran PHB, Saujana Resort, Seksyen U2, Shah Alam, Selangor Darul Ehsan",NEGERI SEMBILAN
PPAM_593,TAMAN INDERA SEMPURNA 2,Pahang,Kuantan,Perumahan Penjawat Awam Malaysia (PPAM),204000,271100,RUMAH TERES,,KOTA MAHARIA SDN BHD,,https://teduh.kpkt.gov.my/projek?source=Perumahan+Awam,2026-08-20T10:40:07.344569+00:00,3.740226,103.264422,130,31,RUMAH TERES,https://apps.ppam.gov.my/login,"NO 58, JALAN PUTRA SQUARE 7 , PUTRA SQUARE , 25200 KUANTAN , KUANTAN , PAHANG","KUANTAN, PAHANG"
PPAM_601,TAMAN BENTA PERMAI,Pahang,Lipis,Perumahan Penjawat Awam Malaysia (PPAM),202000,202000,RUMAH TERES,,RELA HIKAYAT SDN BHD,,https://teduh.kpkt.gov.my/projek?source=Perumahan+Awam,2026-08-20T10:40:07.344569+00:00,4.013005,101.965924,50,22,RUMAH TERES,https://apps.ppam.gov.my/login,"NO.1, TINGKAT 2, LORONG WAWASAN 2 , TAMAN WAWASAN , 27000 JERANTUT , JERANTUT , PAHANG","LIPIS, PAHANG"
PPAM_626,TAMAN KAMPUNG KOLAM PERMAI,Pahang,Rompin,Perumahan Penjawat Awam Malaysia (PPAM),215457,215457,RUMAH TERES,,CASA ANEKA SDN BHD,,https://teduh.kpkt.gov.my/projek?source=Perumahan+Awam,2026-08-20T10:40:07.344569+00:00,2.788573,103.501182,15,15,RUMAH TERES,https://apps.ppam.gov.my/login,"NO. 58, JALAN PUTRA SQUARE 7 , PUTRA SQUARE , 25200 KUANTAN , KUANTAN , PAHANG","ROMPIN, PAHANG"
PPAM_629,TAMAN BEREMBANG INDAH,Pahang,Lipis,Perumahan Penjawat Awam Malaysia (PPAM),215000,215000,RUMAH TERES,,PERWIRA SEJATI SDN BHD,,https://teduh.kpkt.gov.my/projek?source=Perumahan+Awam,2026-08-20T10:40:07.344569+00:00,4.232127,101.980341,13,13,RUMAH TERES,https://apps.ppam.gov.my/login,"NO.1, TINGKAT 2, LORONG WAWASAN 2 , TAMAN WAWASAN , 27000 JERANTUT , JERANTUT , PAHANG","LIPIS, PAHANG"
PPAM_726,TAMAN REDAN BERINGIN,Pahang,Rompin,Perumahan Penjawat Awam Malaysia (PPAM),209000,209000,RUMAH TERES,,CHEE LEAN CONSTRUCTION SDN BHD,,https://teduh.kpkt.gov.my/projek?source=Perumahan+Awam,2026-08-20T10:40:07.344569+00:00,3.081639,103.086111,15,15,RUMAH TERES,https://apps.ppam.gov.my/login,"A57 , FIRST & SECOND FLOOR, JALAN AIR PUTIH , 25300 KUANTAN , KUANTAN , PAHANG","ROMPIN, PAHANG"
PR1MA_124,RESIDENSI D'MARINA @ PINGGIRAN PUTRA 2,Pahang,Kuantan,PR1MA Homes,192000,192000,RUMAH TERES,,PR1MA CORPORATION MALAYSIA,,https://teduh.kpkt.gov.my/projek?source=Perumahan+Awam,2026-08-20T10:40:07.344569+00:00,3.763101,103.308549,523,,RUMAH TERES,https://www.pr1ma.my/pr1ma-properties/hms/homes/bm,"7th FLOOR, BLOCK F, NO 2, JALAN PJU 1A/7A, OASIS SQUARE, OASIS DAMANSARA, 47301 PETALING JAYA","KUANTAN, PAHANG"
PR1MA_125,RESIDENSI SERI MAHKOTA MAJU,Pahang,Kuantan,PR1MA Homes,183888,183888,RUMAH TERES,,PR1MA CORPORATION MALAYSIA,,https://teduh.kpkt.gov.my/projek?source=Perumahan+Awam,2026-08-20T10:40:07.344569+00:00,3.734461,103.162936,317,,RUMAH TERES,https://www.pr1ma.my/pr1ma-properties/hms/homes/bm,"7th FLOOR, BLOCK F, NO 2, JALAN PJU 1A/7A, OASIS SQUARE, OASIS DAMANSARA, 47301 PETALING JAYA","KUANTAN, PAHANG"
PR1MA_126,RESIDENSI GAMBANG BARU 1,Pahang,Kuantan,PR1MA Homes,188000,188000,RUMAH TERES,,PR1MA CORPORATION MALAYSIA,,https://teduh.kpkt.gov.my/projek?source=Perumahan+Awam,2026-08-20T10:40:07.344569+00:00,3.744666,103.123888,500,,RUMAH TERES,https://www.pr1ma.my/pr1ma-properties/hms/homes/bm,"7th FLOOR, BLOCK F, NO 2, JALAN PJU 1A/7A, OASIS SQUARE, OASIS DAMANSARA, 47301 PETALING JAYA","KUANTAN, PAHANG"
SPNB_10,"Perumahan Makmur Karak Setia Idaman Lakeview Jaya, Bentong",Pahang,,Syarikat Perumahan Negara Berhad (SPNB),150000,479000,RUMAH TERES 2 TINGKAT; RUMAH KLUSTER 2 TINGKAT; RUMAH KEDAI 2 TINGKAT,,Syarikat Perumahan Negara Berhad (SPNB),,https://teduh.kpkt.gov.my/projek?source=Perumahan+Awam,2026-08-20T10:40:07.344569+00:00,3.449528,102.063957,10,,RUMAH TERES 2 TINGKAT; RUMAH KLUSTER 2 TINGKAT; RUMAH KEDAI 2 TINGKAT,http://spnb.com.my,"Level 1, Block C, Dataran PHB, Saujana Resort, Seksyen U2, Shah Alam, Selangor Darul Ehsan",PAHANG
SPNB_13,"Taman Nusa Puteri, Rompin",Pahang,,Syarikat Perumahan Negara Berhad (SPNB),59900,116000,RUMAH TERES KOS RENDAH 1 TINGKAT; RUMAH TERES KOS SEDERHANA 1 TIMGKAT,,Syarikat Perumahan Negara Berhad (SPNB),,https://teduh.kpkt.gov.my/projek?source=Perumahan+Awam,2026-08-20T10:40:07.344569+00:00,2.817569,103.438934,0,,RUMAH TERES KOS RENDAH 1 TINGKAT; RUMAH TERES KOS SEDERHANA 1 TIMGKAT,http://spnb.com.my,"Level 1, Block C, Dataran PHB, Saujana Resort, Seksyen U2, Shah Alam, Selangor Darul Ehsan",PAHANG
PPAM_602,TAMAN TAN SRI FUZI,Perak,Perak Tengah,Perumahan Penjawat Awam Malaysia (PPAM),208000,262385,RUMAH TERES,,VETO GATEWAY SDN BHD,,https://teduh.kpkt.gov.my/projek?source=Perumahan+Awam,2026-08-20T10:40:07.344569+00:00,4.374167,100.824222,50,38,RUMAH TERES,https://apps.ppam.gov.my/login,"NO.1-03-01 , JALAN AHMAD NOR, PUSAT PERDAGANGAN NOVA , 11600 JELUTONG , TIMOR LAUT , PULAU PINANG","PERAK TENGAH, PERAK"
PPAM_672,TAMAN CHUAR PERTAMA,Perak,Kuala Kangsar,Perumahan Penjawat Awam Malaysia (PPAM),203000,233000,RUMAH TERES,,KIMAL BINA SDN BHD,,https://teduh.kpkt.gov.my/projek?source=Perumahan+Awam,2026-08-20T10:40:07.344569+00:00,4.882778,100.905589,15,15,RUMAH TERES,https://apps.ppam.gov.my/login,"NO 120 , JALAN TAMING SARI , 34000 TAIPING , KUALA KANGSAR , PERAK","KUALA KANGSAR, PERAK"
PPAM_705,TAMAN EMAS BIDOR,Perak,Batang Padang,Perumahan Penjawat Awam Malaysia (PPAM),182000,182000,RUMAH TERES,,SIMPLEX PHOENIX SDN BHD,,https://teduh.kpkt.gov.my/projek?source=Perumahan+Awam,2026-08-20T10:40:07.344569+00:00,4.060133,101.288992,23,17,RUMAH TERES,https://apps.ppam.gov.my/login,"NO 26A, JALAN LANG JAYA 1 , PUSAT KOMERSIAL LANG JAYA , 30010 IPOH , KINTA , PERAK","BATANG PADANG, PERAK"
PPAM_708,TAMAN LEKIR SENTOSA,Perak,Manjung,Perumahan Penjawat Awam Malaysia (PPAM),204000,350000,RUMAH TERES; RUMAH BERKEMBAR,,SEMPURNA PRESTASI SDN. BHD.,,https://teduh.kpkt.gov.my/projek?source=Perumahan+Awam,2026-08-20T10:40:07.344569+00:00,4.1568361,100.73379,50,50,RUMAH TERES; RUMAH BERKEMBAR,https://apps.ppam.gov.my/login,"23 , PERSIARAN PM 2/2, PUSAT BANDAR SERI MANJUNG SEKSYEN 2 , 32000 SITIAWAN , MANJUNG , PERAK","MANJUNG, PERAK"
PPAM_735,TAMAN TRONOH MUTIARA,Perak,Kinta,Perumahan Penjawat Awam Malaysia (PPAM),210000,210000,RUMAH TERES,,IJ VENTURES SDN. BHD,,https://teduh.kpkt.gov.my/projek?source=Perumahan+Awam,2026-08-20T10:40:07.344569+00:00,4.3970512,100.9753133,20,20,RUMAH TERES,https://apps.ppam.gov.my/login,"B-54 , KAMPUNG MELAYU , 48050 RAWANG , KINTA , PERAK","KINTA, PERAK"
PPAM_743,TAMAN MUHIBBAH,Perak,Hilir Perak,Perumahan Penjawat Awam Malaysia (PPAM),211200,222000,RUMAH TERES,,GERGASI VENTURES SDN BHD,,https://teduh.kpkt.gov.my/projek?source=Perumahan+Awam,2026-08-20T10:40:07.344569+00:00,3.958816,100.972025,30,30,RUMAH TERES,https://apps.ppam.gov.my/login,"NO 26A, JALAN LANG JAYA 1 , PUSAT KOMERSIAL LANG JAYA , 30010 IPOH , KINTA , PERAK","HILIR PERAK, PERAK"
PPAM_745,TAMAN CHANDAN PUTRI,Perak,Kuala Kangsar,Perumahan Penjawat Awam Malaysia (PPAM),202400,202400,RUMAH BANDAR,,SRI KANCIL LAND SDN. BHD.,,https://teduh.kpkt.gov.my/projek?source=Perumahan+Awam,2026-08-20T10:40:07.344569+00:00,4.743706,100.940686,11,11,RUMAH BANDAR,https://apps.ppam.gov.my/login,"NO. 3 , HALA GOPENG (OFF JALAN SULTAN NAZRIN SHAH) , 30250 IPOH , KINTA , PERAK","KUALA KANGSAR, PERAK"
PR1MA_127,RESIDENSI TAPAH,Perak,Batang Padang,PR1MA Homes,165000,165000,RUMAH TERES,,PR1MA CORPORATION MALAYSIA,,https://teduh.kpkt.gov.my/projek?source=Perumahan+Awam,2026-08-20T10:40:07.344569+00:00,4.152827,101.272857,647,,RUMAH TERES,https://www.pr1ma.my/pr1ma-properties/hms/homes/bm,"7th FLOOR, BLOCK F, NO 2, JALAN PJU 1A/7A, OASIS SQUARE, OASIS DAMANSARA, 47301 PETALING JAYA","BATANG PADANG, PERAK"
PR1MA_130,RESIDENSI KAMPUNG PALOH,Perak,Kinta,PR1MA Homes,206000,206000,APARTMEN,,PR1MA CORPORATION MALAYSIA,,https://teduh.kpkt.gov.my/projek?source=Perumahan+Awam,2026-08-20T10:40:07.344569+00:00,4.585682,101.075436,456,,APARTMEN,https://www.pr1ma.my/pr1ma-properties/hms/homes/bm,"7th FLOOR, BLOCK F, NO 2, JALAN PJU 1A/7A, OASIS SQUARE, OASIS DAMANSARA, 47301 PETALING JAYA","KINTA, PERAK"
PR1MA_135,RESIDENSI BANDAR BARU SETIA AWAN PERDANA,Perak,Manjung,PR1MA Homes,169000,169000,RUMAH TERES,,PR1MA CORPORATION MALAYSIA,,https://teduh.kpkt.gov.my/projek?source=Perumahan+Awam,2026-08-20T10:40:07.344569+00:00,4.245798,100.771199,1268,,RUMAH TERES,https://www.pr1ma.my/pr1ma-properties/hms/homes/bm,"7th FLOOR, BLOCK F, NO 2, JALAN PJU 1A/7A, OASIS SQUARE, OASIS DAMANSARA, 47301 PETALING JAYA","MANJUNG, PERAK"
PPAM_714,TAMAN DESA SAUJANA,Perlis,Arau,Perumahan Penjawat Awam Malaysia (PPAM),280000,310000,RUMAH TERES,,BRIGHTON PROPERTY SDN BHD,,https://teduh.kpkt.gov.my/projek?source=Perumahan+Awam,2026-08-20T10:40:07.344569+00:00,6.4372797,100.2845697,26,22,RUMAH TERES,https://apps.ppam.gov.my/login,"43, TAMAN RAKYAT MERGONG , LORONG PUTIH 8 , 05150 ALOR SETAR , KOTA SETAR , KEDAH","ARAU, PERLIS"
PPAM_722,TAMAN SAUJANA IDAMAN II,Perlis,Arau,Perumahan Penjawat Awam Malaysia (PPAM),300000,300000,RUMAH TERES,,DETIK VENTURES SDN. BHD.,,https://teduh.kpkt.gov.my/projek?source=Perumahan+Awam,2026-08-20T10:40:07.344569+00:00,6.442435,100.246546,35,35,RUMAH TERES,https://apps.ppam.gov.my/login,"PT1819, KAWASAN PERUSAHAAN MERGONG , JALAN LENCONG BARAT, MERGONG BARRAGE II , 05050 ALOR SETAR , KOTA SETAR , KEDAH","ARAU, PERLIS"
PR1MA_138,RESIDENSI BANDAR PUTRA HEIGHT,Perlis,Chuping,PR1MA Homes,190000,190000,RUMAH TERES,,PR1MA CORPORATION MALAYSIA,,https://teduh.kpkt.gov.my/projek?source=Perumahan+Awam,2026-08-20T10:40:07.344569+00:00,6.478916,100.290656,231,,RUMAH TERES,https://www.pr1ma.my/pr1ma-properties/hms/homes/bm,"7th FLOOR, BLOCK F, NO 2, JALAN PJU 1A/7A, OASIS SQUARE, OASIS DAMANSARA, 47301 PETALING JAYA","CHUPING, PERLIS"
PPAM_697,TAMAN LEMBAH INDAH,Pulau Pinang,Seberang Perai Tengah,Perumahan Penjawat Awam Malaysia (PPAM),300000,360000,APARTMEN,,PRIMA JADI (PG) SDN BHD,,https://teduh.kpkt.gov.my/projek?source=Perumahan+Awam,2026-08-20T10:40:07.344569+00:00,5.289117,100.457827,17,9,APARTMEN,https://apps.ppam.gov.my/login,"182A , JALAN RADA UDA, PUSAT PERNIAGAAN UDA , 12300 BUTTERWORTH , SEBERANG PERAI TENGAH , PULAU PINANG","SEBERANG PERAI TENGAH, PULAU PINANG"
PPAM_645,RESIDENSI PR1MA MENGGATAL,Sabah,Kota Kinabalu,Perumahan Penjawat Awam Malaysia (PPAM),256080,300000,APARTMEN,,PERBADANAN PR1MA MALAYSIA,,https://teduh.kpkt.gov.my/projek?source=Perumahan+Awam,2026-08-20T10:40:07.344569+00:00,6.060699,116.164268,257,161,APARTMEN,https://apps.ppam.gov.my/login,"TINGKAT 9, BLOK F, NO. 2 , JALAN PJU 1A/7A , 47301 PETALING JAYA , PETALING , SELANGOR","KOTA KINABALU, SABAH"
PPAM_684,APARTMEN VILLA SRI INDAH,Sabah,Tawau,Perumahan Penjawat Awam Malaysia (PPAM),208000,220000,APARTMEN,,HAP SENG PROPERTIES DEVELOPMENT SDN BHD,,https://teduh.kpkt.gov.my/projek?source=Perumahan+Awam,2026-08-20T10:40:07.344569+00:00,4.258,118.007452,111,101,APARTMEN,https://apps.ppam.gov.my/login,"TB 19613 (1ST FLOOR), TB 19614 & TB 19615 , BANDAR SRI INDAH FASA 4B, BATU 10, JALAN APAS , 91000 TAWAU , TAWAU , SABAH","TAWAU, SABAH"
PR1MA_139,RESIDENSI MENGGATAL,Sabah,Menggatal,PR1MA Homes,243600,243600,APARTMEN,,PR1MA CORPORATION MALAYSIA,,https://teduh.kpkt.gov.my/projek?source=Perumahan+Awam,2026-08-20T10:40:07.344569+00:00,6.060699,116.164268,600,,APARTMEN,https://www.pr1ma.my/pr1ma-properties/hms/homes/bm,"7th FLOOR, BLOCK F, NO 2, JALAN PJU 1A/7A, OASIS SQUARE, OASIS DAMANSARA, 47301 PETALING JAYA","MENGGATAL, SABAH"
PR1MA_140,RESIDENSI WOODFORD ESTATE,Sabah,Beaufort,PR1MA Homes,240350,240350,RUMAH TERES,,PR1MA CORPORATION MALAYSIA,,https://teduh.kpkt.gov.my/projek?source=Perumahan+Awam,2026-08-20T10:40:07.344569+00:00,4.402194,115.744349,620,,RUMAH TERES,https://www.pr1ma.my/pr1ma-properties/hms/homes/bm,"7th FLOOR, BLOCK F, NO 2, JALAN PJU 1A/7A, OASIS SQUARE, OASIS DAMANSARA, 47301 PETALING JAYA","BEAUFORT, SABAH"
PR1MA_141,RESIDENSI RANGGU,Sabah,Tawau,PR1MA Homes,178600,178600,RUMAH TERES,,PR1MA CORPORATION MALAYSIA,,https://teduh.kpkt.gov.my/projek?source=Perumahan+Awam,2026-08-20T10:40:07.344569+00:00,4.291595,118.009793,1300,,RUMAH TERES,https://www.pr1ma.my/pr1ma-properties/hms/homes/bm,"7th FLOOR, BLOCK F, NO 2, JALAN PJU 1A/7A, OASIS SQUARE, OASIS DAMANSARA, 47301 PETALING JAYA","TAWAU, SABAH"
PR1MA_142,RESIDENSI KOTA MARUDU,Sabah,Kota Marudu,PR1MA Homes,196000,196000,APARTMEN,,PR1MA CORPORATION MALAYSIA,,https://teduh.kpkt.gov.my/projek?source=Perumahan+Awam,2026-08-20T10:40:07.344569+00:00,6.504507,116.765333,360,,APARTMEN,https://www.pr1ma.my/pr1ma-properties/hms/homes/bm,"7th FLOOR, BLOCK F, NO 2, JALAN PJU 1A/7A, OASIS SQUARE, OASIS DAMANSARA, 47301 PETALING JAYA","KOTA MARUDU, SABAH"
PR1MA_143,RESIDENSI SELATAN KINARUT,Sabah,Papar,PR1MA Homes,292600,292600,APARTMEN,,PR1MA CORPORATION MALAYSIA,,https://teduh.kpkt.gov.my/projek?source=Perumahan+Awam,2026-08-20T10:40:07.344569+00:00,5.81827,116.033252,502,,APARTMEN,https://www.pr1ma.my/pr1ma-properties/hms/homes/bm,"7th FLOOR, BLOCK F, NO 2, JALAN PJU 1A/7A, OASIS SQUARE, OASIS DAMANSARA, 47301 PETALING JAYA","PAPAR, SABAH"
PR1MA_144,RESIDENSI BORNEO COVE,Sabah,Sandakan,PR1MA Homes,150000,150000,APARTMEN,,PR1MA CORPORATION MALAYSIA,,https://teduh.kpkt.gov.my/projek?source=Perumahan+Awam,2026-08-20T10:40:07.344569+00:00,5.864224,118.113979,999,,APARTMEN,https://www.pr1ma.my/pr1ma-properties/hms/homes/bm,"7th FLOOR, BLOCK F, NO 2, JALAN PJU 1A/7A, OASIS SQUARE, OASIS DAMANSARA, 47301 PETALING JAYA","SANDAKAN, SABAH"
PR1MA_145,RESIDENSI ELOPURA,Sabah,Sandakan,PR1MA Homes,279300,279300,APARTMEN,,PR1MA CORPORATION MALAYSIA,,https://teduh.kpkt.gov.my/projek?source=Perumahan+Awam,2026-08-20T10:40:07.344569+00:00,5.867874,118.109197,750,,APARTMEN,https://www.pr1ma.my/pr1ma-properties/hms/homes/bm,"7th FLOOR, BLOCK F, NO 2, JALAN PJU 1A/7A, OASIS SQUARE, OASIS DAMANSARA, 47301 PETALING JAYA","SANDAKAN, SABAH"
SPNB_11,"Taman Cenderawasih, Kunak",Sabah,,Syarikat Perumahan Negara Berhad (SPNB),190636,190636,Rumah teres kos sederhana rendah; Rumah teres kos sederhana; Kedai,,Syarikat Perumahan Negara Berhad (SPNB),,https://teduh.kpkt.gov.my/projek?source=Perumahan+Awam,2026-08-20T10:40:07.344569+00:00,4.6425705,118.2069381,0,,Rumah teres kos sederhana rendah; Rumah teres kos sederhana; Kedai,http://spnb.com.my,"Level 1, Block C, Dataran PHB, Saujana Resort, Seksyen U2, Shah Alam, Selangor Darul Ehsan",SABAH
PPAM_725,"LOTS 33-36 AND 504 BLOCK 13, SEDUAN LAND DISTRICT",Sarawak,Sibu,Perumahan Penjawat Awam Malaysia (PPAM),280000,288000,APARTMEN,,JIAWOOD JAYA SDN. BHD.,,https://teduh.kpkt.gov.my/projek?source=Perumahan+Awam,2026-08-20T10:40:07.344569+00:00,2.259178,111.879171,27,27,APARTMEN,https://apps.ppam.gov.my/login,"NO.11, 2ND FLOOR , LORONG SALIM 17, JALAN SALIM , 96000 SIBU , SIBU , SARAWAK","SIBU, SARAWAK"
PR1MA_146,RESIDENSI SEMENGGOH,Sarawak,Padawan,PR1MA Homes,235000,235000,RUMAH TERES,,PR1MA CORPORATION MALAYSIA,,https://teduh.kpkt.gov.my/projek?source=Perumahan+Awam,2026-08-20T10:40:07.344569+00:00,1.380869,110.318562,558,,RUMAH TERES,https://www.pr1ma.my/pr1ma-properties/hms/homes/bm,"7th FLOOR, BLOCK F, NO 2, JALAN PJU 1A/7A, OASIS SQUARE, OASIS DAMANSARA, 47301 PETALING JAYA","PADAWAN, SARAWAK"
PR1MA_147,RESIDENSI MATANG,Sarawak,Kuching,PR1MA Homes,279000,279000,APARTMEN,,PR1MA CORPORATION MALAYSIA,,https://teduh.kpkt.gov.my/projek?source=Perumahan+Awam,2026-08-20T10:40:07.344569+00:00,1.334615,110.75525,912,,APARTMEN,https://www.pr1ma.my/pr1ma-properties/hms/homes/bm,"7th FLOOR, BLOCK F, NO 2, JALAN PJU 1A/7A, OASIS SQUARE, OASIS DAMANSARA, 47301 PETALING JAYA","KUCHING, SARAWAK"
PR1MA_148,RESIDENSI BINTAWA RIVERFRONT,Sarawak,Kuching Town Land,PR1MA Homes,256000,256000,APARTMEN,,PR1MA CORPORATION MALAYSIA,,https://teduh.kpkt.gov.my/projek?source=Perumahan+Awam,2026-08-20T10:40:07.344569+00:00,1.572648,110.374035,1320,,APARTMEN,https://www.pr1ma.my/pr1ma-properties/hms/homes/bm,"7th FLOOR, BLOCK F, NO 2, JALAN PJU 1A/7A, OASIS SQUARE, OASIS DAMANSARA, 47301 PETALING JAYA","KUCHING TOWN LAND, SARAWAK"
PR1MA_149,RESIDENSI MATANG PREMIER,Sarawak,Kuching,PR1MA Homes,318000,318000,APARTMEN,,PR1MA CORPORATION MALAYSIA,,https://teduh.kpkt.gov.my/projek?source=Perumahan+Awam,2026-08-20T10:40:07.344569+00:00,1.334615,110.75525,448,,APARTMEN,https://www.pr1ma.my/pr1ma-properties/hms/homes/bm,"7th FLOOR, BLOCK F, NO 2, JALAN PJU 1A/7A, OASIS SQUARE, OASIS DAMANSARA, 47301 PETALING JAYA","KUCHING, SARAWAK"
PPAM_616,TAMAN IMAM YUSOF 4,Selangor,Klang,Perumahan Penjawat Awam Malaysia (PPAM),283000,283000,RUMAH TERES,,SIMFONI DESIRAN SDN BHD,,https://teduh.kpkt.gov.my/projek?source=Perumahan+Awam,2026-08-20T10:40:07.344569+00:00,2.93142,101.30874,20,16,RUMAH TERES,https://apps.ppam.gov.my/login,"20-2 LORONG TIARA 3/KU 1 , PUSAT PERNIAGAAN BBK , 41150 KLANG , KLANG , SELANGOR","KLANG, SELANGOR"
PPAM_693,BSP SUTERA,Selangor,Kuala Langat,Perumahan Penjawat Awam Malaysia (PPAM),299000,299000,APARTMEN,,SERIBU BAIDURI SDN BHD,,https://teduh.kpkt.gov.my/projek?source=Perumahan+Awam,2026-08-20T10:40:07.344569+00:00,2.9526268305118,101.58775586743,100,18,APARTMEN,https://apps.ppam.gov.my/login,"PLAZA SERI SETIA LEVEL 1-4 , NO. 1 JALAN SS 9/2 , 47300 PETALING JAYA , PETALING , SELANGOR","KUALA LANGAT, SELANGOR"
PPAM_712,TAMAN DORANI SEJAHTERA,Selangor,Sabak Bernam,Perumahan Penjawat Awam Malaysia (PPAM),299000,299000,RUMAH TERES,,REWARD SUPREME DEVELOPMENT SDN. BHD.,,https://teduh.kpkt.gov.my/projek?source=Perumahan+Awam,2026-08-20T10:40:07.344569+00:00,3.6404376,101.0235436,20,20,RUMAH TERES,https://apps.ppam.gov.my/login,"NO,8 JALAN AMAN SINARIA 9 , TAMAN TROPICANA AMAN, TELOK PANGLIMA GARANG , 42500 KLANG , KLANG , SELANGOR","SABAK BERNAM, SELANGOR"
PPAM_717,TAMAN LANGAT UTAMA 3,Selangor,Kuala Langat,Perumahan Penjawat Awam Malaysia (PPAM),295000,455000,RUMAH TERES,,PERUMAHAN SEHATI SDN BHD,,https://teduh.kpkt.gov.my/projek?source=Perumahan+Awam,2026-08-20T10:40:07.344569+00:00,2.811157,101.665622,9,9,RUMAH TERES,https://apps.ppam.gov.my/login,"NO 9, LEBUH LANG , TAMAN BERKELEY , 41150 KLANG , KLANG , SELANGOR","KUALA LANGAT, SELANGOR"
PPAM_727,TAMAN DATO HORMAT 7,Selangor,Klang,Perumahan Penjawat Awam Malaysia (PPAM),285000,285000,RUMAH TERES,,RESTU JAYA SDN BHD,,https://teduh.kpkt.gov.my/projek?source=Perumahan+Awam,2026-08-20T10:40:07.344569+00:00,2.92,101.31,5,5,RUMAH TERES,https://apps.ppam.gov.my/login,"NO 13-3 , EMPIRE GALLERY, JALAN EMPAYAR OFF PERSIARAN SULTAN IBRAHIM / KUI1 , 41150 KLANG , KLANG , SELANGOR","KLANG, SELANGOR"
PPAM_738,TAMAN PERSIARAN MASJID SULTAN 1,Selangor,Klang,Perumahan Penjawat Awam Malaysia (PPAM),280000,280000,RUMAH TERES,,L-Max Development Sdn. Bhd.,,https://teduh.kpkt.gov.my/projek?source=Perumahan+Awam,2026-08-20T10:40:07.344569+00:00,2.954444,101.338333,10,10,RUMAH TERES,https://apps.ppam.gov.my/login,"48 JALAN SUNGAI AGAS 6A/KU3, T , TAMAN SUNGAI PINANG, 41400 KLANG, SELANGOR , 41400 Klang , KLANG , SELANGOR","KLANG, SELANGOR"
PPAM_754,TAMAN TOK MUDA BERJAYA,Selangor,Klang,Perumahan Penjawat Awam Malaysia (PPAM),299000,299000,RUMAH TERES,,YCL REALTY SDN BHD,,https://teduh.kpkt.gov.my/projek?source=Perumahan+Awam,2026-08-20T10:40:07.344569+00:00,3.139556,101.333808,13,13,RUMAH TERES,https://apps.ppam.gov.my/login,"NO.9B, LORONG KOTA RAJA 1A , SHAHBANDARAYA , 41000 KLANG , KLANG , SELANGOR","KLANG, SELANGOR"
PPAM_762,PANGSAPURI ANGGERIK,Selangor,Klang,Perumahan Penjawat Awam Malaysia (PPAM),299000,299000,APARTMEN,,SIN HEE YANG PROPERTY MANAGEMENT SDN BHD,,https://teduh.kpkt.gov.my/projek?source=Perumahan+Awam,2026-08-20T10:40:07.344569+00:00,3.04709,101.49149,30,30,APARTMEN,https://apps.ppam.gov.my/login,"NO.9, LEBUH LANG , TAMAN BERKELEY , 41150 KLANG , KLANG , SELANGOR","KLANG, SELANGOR"
PPAM_763,TAMAN LANGAT UTAMA 3,Selangor,Kuala Langat,Perumahan Penjawat Awam Malaysia (PPAM),299000,299000,RUMAH TERES,,PERUMAHAN SEHATI SDN BHD,,https://teduh.kpkt.gov.my/projek?source=Perumahan+Awam,2026-08-20T10:40:07.344569+00:00,2.8086389,101.6650278,12,12,RUMAH TERES,https://apps.ppam.gov.my/login,"NO 9, LEBUH LANG , TAMAN BERKELEY , 41150 KLANG , KLANG , SELANGOR","KUALA LANGAT, SELANGOR"
PR1MA_151,RESIDENSI BANDAR BUKIT MAHKOTA,Selangor,Semenyih,PR1MA Homes,288000,288000,APARTMEN,,PR1MA CORPORATION MALAYSIA,,https://teduh.kpkt.gov.my/projek?source=Perumahan+Awam,2026-08-20T10:40:07.344569+00:00,2.883842,101.797709,650,,APARTMEN,https://www.pr1ma.my/pr1ma-properties/hms/homes/bm,"7th FLOOR, BLOCK F, NO 2, JALAN PJU 1A/7A, OASIS SQUARE, OASIS DAMANSARA, 47301 PETALING JAYA","SEMENYIH, SELANGOR"
PPAM_637,TAMAN PMINT TEBING TEMBAH 2,Terengganu,Dungun,Perumahan Penjawat Awam Malaysia (PPAM),288000,288000,RUMAH BERKEMBAR,,ML SYNERGY SDN. BHD.,,https://teduh.kpkt.gov.my/projek?source=Perumahan+Awam,2026-08-20T10:40:07.344569+00:00,88,4.6,30,30,RUMAH BERKEMBAR,https://apps.ppam.gov.my/login,"1-39, 1ST FLOOR, JALAN DESA CAHAYA 11 , TAMAN DESA BUKIT CAHAYA , 56100 CHERAS , KUALA LUMPUR , KUALA LUMPUR","DUNGUN, TERENGGANU"
PPAM_734,BANDAR BARU BUKIT MENTOK,Terengganu,Kemaman,Perumahan Penjawat Awam Malaysia (PPAM),266000,266000,RUMAH TERES,,ASM DEVELOPMENT (TERENGGANU) SDN BHD,,https://teduh.kpkt.gov.my/projek?source=Perumahan+Awam,2026-08-20T10:40:07.344569+00:00,4.22,103.4,9,6,RUMAH TERES,https://apps.ppam.gov.my/login,"PT 8812, TINGKAT 1 , BANDAR BARU BUKIT MENTOK , 24000 CUKAI , KEMAMAN , TERENGGANU","KEMAMAN, TERENGGANU"
PPAM_737,TAMAN RAWAI PERDANA,Terengganu,Marang,Perumahan Penjawat Awam Malaysia (PPAM),228850,228850,RUMAH TERES,,PASIR DELIMA SDN BHD,,https://teduh.kpkt.gov.my/projek?source=Perumahan+Awam,2026-08-20T10:40:07.344569+00:00,5.12456,103.03314,64,64,RUMAH TERES,https://apps.ppam.gov.my/login,"NO.76, JALAN RIMBUNAN RAYA, LAMAN RIMBUNAN , BATU 6 1/2, JALAN KEPONG , 52100 BATU 6 1/2 , KUALA LUMPUR , KUALA LUMPUR","MARANG, TERENGGANU"
PPAM_751,TAMAN PERKASA,Terengganu,Hulu Terengganu,Perumahan Penjawat Awam Malaysia (PPAM),250000,250000,RUMAH TERES,,VIRGO ZONE REALTY SDN. BHD.,,https://teduh.kpkt.gov.my/projek?source=Perumahan+Awam,2026-08-20T10:40:07.344569+00:00,5.0731,103.0113,26,26,RUMAH TERES,https://apps.ppam.gov.my/login,"F-2-11, 2ND FLOOR, BLOCK F, PUSAT KOMERSIL JALAN KUCHING , NO. 115, JALAN KEPAYANG OFF JALAN KUCHING , 51200 KUALA LUMPUR , KUALA LUMPUR , KUALA LUMPUR","HULU TERENGGANU, TERENGGANU"
SPNB_8,"Taman Desa Idaman, Paka",Terengganu,,Syarikat Perumahan Negara Berhad (SPNB),68000,607700,RUMAH TERES 1 TINGKAT (VANDA); RUMAH TERES 1 TINGKAT (DISA); RUMAH TERES 2 TINGKAT (CATTLEYA); RUMAH SEMI D 2 TINGKAT (MILTONIA); RUMAH KEDAI 2 TINGKAT (LUDISIA),,Syarikat Perumahan Negara Berhad (SPNB),,https://teduh.kpkt.gov.my/projek?source=Perumahan+Awam,2026-08-20T10:40:07.344569+00:00,4.622016,103.387268,0,,RUMAH TERES 1 TINGKAT (VANDA); RUMAH TERES 1 TINGKAT (DISA); RUMAH TERES 2 TINGKAT (CATTLEYA); RUMAH SEMI D 2 TINGKAT (MILTONIA); RUMAH KEDAI 2 TINGKAT (LUDISIA),http://spnb.com.my,"Level 1, Block C, Dataran PHB, Saujana Resort, Seksyen U2, Shah Alam, Selangor Darul Ehsan",TERENGGANU
SPNB_9,"Taman Nusa Idaman, Kuala Ping",Terengganu,,Syarikat Perumahan Negara Berhad (SPNB),68000,292000,RUMAH TERES 1 TINGKAT (EGENIA); RUMAH TERES 1 TINGKAT (DEHASIA); RUMAH TERES 1 TINGKAT (MADHUCA); RUMAH BERKEMBAR 1 TINGKAT (MILLETIA); Rumah Berkembar 1 Tingkat,,Syarikat Perumahan Negara Berhad (SPNB),,https://teduh.kpkt.gov.my/projek?source=Perumahan+Awam,2026-08-20T10:40:07.344569+00:00,5.159275,102.905012,32,,RUMAH TERES 1 TINGKAT (EGENIA); RUMAH TERES 1 TINGKAT (DEHASIA); RUMAH TERES 1 TINGKAT (MADHUCA); RUMAH BERKEMBAR 1 TINGKAT (MILLETIA); Rumah Berkembar 1 Tingkat,http://spnb.com.my,"Level 1, Block C, Dataran PHB, Saujana Resort, Seksyen U2, Shah Alam, Selangor Darul Ehsan",TERENGGANU
